machine_id,ts,vibration,temperature
M001,10:00:01,4.7,82.3
M001,10:00:02,4.9,85.1
M001,10:00:03,3.1,74.0
M001,10:00:04,5.2,89.5
M001,10:00:05,4.6,81.7
M001,10:00:06,3.8,76.2
M001,10:00:07,5.0,87.4
M001,10:00:08,4.4,79.5
M002,10:00:01,5.2,81.0
M002,10:00:02,5.1,88.4
M002,10:00:03,4.8,83.7
M002,10:00:04,3.9,77.5
M002,10:00:05,5.4,91.2
M002,10:00:06,4.7,80.8
M002,10:00:07,5.0,86.3
M002,10:00:08,4.2,75.4
M003,10:00:01,4.5,79.9
M003,10:00:02,4.6,80.5
M003,10:00:03,4.8,84.2
M003,10:00:04,4.1,78.3
M003,10:00:05,5.0,89.1
M003,10:00:06,4.3,81.6
M003,10:00:07,4.7,85.7
M003,10:00:08,3.9,73.8
M004,10:00:01,5.9,91.2
M004,10:00:02,2.8,70.2
M004,10:00:03,5.5,88.6
M004,10:00:04,5.7,93.4
M004,10:00:05,4.9,82.5
M004,10:00:06,3.6,76.9
M004,10:00:07,5.3,90.1
M004,10:00:08,4.5,79.4
M005,10:00:01,4.3,80.1
M005,10:00:02,4.1,78.0
M005,10:00:03,4.6,83.5
M005,10:00:04,4.8,87.2
M005,10:00:05,3.7,75.6
M005,10:00:06,5.1,89.8
M005,10:00:07,4.4,81.3
M005,10:00:08,4.0,77.1